City_ID,City,Country,Date,Lat,Lng,Max Temp,Humidity,Cloudiness,Wind Speed
0,Kangaatsiaq,GL,2021-07-27 03:25:38,68.3065,-53.4641,47.75,92,99,10.47
1,Caravelas,BR,2021-07-27 03:25:38,-17.7125,-39.2481,68.29,91,4,4.76
2,Emba,KZ,2021-07-27 03:25:39,48.8264,58.1442,72.84,38,83,5.75
3,Busselton,AU,2021-07-27 03:25:39,-33.65,115.3333,57.04,57,96,25.19
4,Kapaa,US,2021-07-27 03:25:39,22.0752,-159.319,84.52,76,1,3.0
5,Pevek,RU,2021-07-27 03:25:39,69.7008,170.3133,36.46,88,86,18.61
6,Mataura,NZ,2021-07-27 03:25:40,-46.1927,168.8643,52.48,70,13,4.74
7,Miandrivazo,MG,2021-07-27 03:25:40,-19.5167,45.4667,65.26,71,59,4.25
8,Chokurdakh,RU,2021-07-27 03:25:40,70.6333,147.9167,45.05,63,100,13.29
9,Tuktoyaktuk,CA,2021-07-27 03:25:41,69.4541,-133.0374,50.0,76,75,9.22
10,Saint George,US,2021-07-27 03:22:26,37.1041,-113.5841,79.54,83,1,3.44
11,Rikitea,PF,2021-07-27 03:25:41,-23.1203,-134.9692,74.98,81,98,18.41
12,Barrow,US,2021-07-27 03:25:42,71.2906,-156.7887,48.22,87,90,8.05
13,Punta Arenas,CL,2021-07-27 03:24:32,-53.15,-70.9167,39.31,87,75,6.91
14,Hilo,US,2021-07-27 03:23:30,19.7297,-155.09,76.73,89,90,10.36
15,Shuangyang,CN,2021-07-27 03:25:42,43.5242,125.6736,90.14,57,33,9.01
16,Lompoc,US,2021-07-27 03:21:35,34.6391,-120.4579,73.54,84,90,3.44
17,Qaanaaq,GL,2021-07-27 03:25:43,77.484,-69.3632,42.21,87,100,9.37
18,Kankaanpaa,FI,2021-07-27 03:25:43,61.8,22.4167,58.8,74,100,3.24
19,Port Alfred,ZA,2021-07-27 03:25:43,-33.5906,26.891,61.45,31,30,11.21
20,Songkhla,TH,2021-07-27 03:25:44,6.8333,100.6667,89.65,61,78,9.55
21,Ushuaia,AR,2021-07-27 03:25:44,-54.8,-68.3,33.46,93,75,4.61
22,Yellowknife,CA,2021-07-27 03:25:44,62.456,-114.3525,59.52,94,75,5.01
23,Cape Town,ZA,2021-07-27 03:25:45,-33.9258,18.4232,56.88,85,20,3.0
24,Garowe,SO,2021-07-27 03:25:45,8.4054,48.4845,75.9,53,21,21.72
25,Aykhal,RU,2021-07-27 03:25:45,66.0,111.5,84.09,34,35,5.48
26,Lagoa,PT,2021-07-27 03:25:46,39.05,-27.9833,70.9,86,100,13.0
27,Clyde River,CA,2021-07-27 03:25:46,70.4692,-68.5914,35.83,100,75,3.44
28,Hobart,AU,2021-07-27 03:20:46,-42.8794,147.3294,61.27,57,75,3.0
29,New Norfolk,AU,2021-07-27 03:25:46,-42.7826,147.0587,60.93,58,58,4.0
30,Atuona,PF,2021-07-27 03:22:39,-9.8,-139.0333,77.47,75,36,21.59
31,Coquimbo,CL,2021-07-27 03:20:52,-29.9533,-71.3436,51.53,87,0,6.91
32,Longyearbyen,SJ,2021-07-27 03:25:47,78.2186,15.6401,42.64,93,90,1.14
33,Thompson,CA,2021-07-27 03:25:48,55.7435,-97.8558,57.36,72,20,0.0
34,Leningradskiy,RU,2021-07-27 03:25:49,69.3833,178.4167,40.69,83,86,9.62
35,Angoram,PG,2021-07-27 03:25:49,-4.0625,144.0661,86.88,68,94,3.58
36,Gustavo Diaz Ordaz,MX,2021-07-27 03:25:49,26.2333,-98.5833,85.03,79,6,15.14
37,Bluff,NZ,2021-07-27 03:25:50,-46.6,168.3333,52.81,71,22,21.34
38,Puerto Ayora,EC,2021-07-27 03:25:50,-0.7393,-90.3518,71.55,87,43,7.0
39,Hit,IQ,2021-07-27 03:25:51,33.6416,42.8251,95.68,20,6,10.54
40,Hithadhoo,MV,2021-07-27 03:25:51,-0.6,73.0833,81.21,73,100,5.21
41,Vaini,TO,2021-07-27 03:25:52,-21.2,-175.2,77.16,78,75,12.66
42,Menongue,AO,2021-07-27 03:25:52,-14.6585,17.691,43.86,58,4,4.97
43,Port Elizabeth,ZA,2021-07-27 03:23:32,-33.918,25.5701,71.1,33,0,6.91
44,Huntington,US,2021-07-27 03:24:11,38.4193,-82.4452,76.53,92,55,7.0
45,Albany,US,2021-07-27 03:25:52,42.6001,-73.9662,69.93,83,0,4.12
46,Portland,US,2021-07-27 03:24:07,45.5234,-122.6762,84.45,50,20,1.01
47,Sinop,TR,2021-07-27 03:25:53,41.7711,34.8709,62.46,88,5,5.68
48,Kingisepp,RU,2021-07-27 03:25:53,59.3733,28.6134,61.34,72,5,4.32
49,Flinders,AU,2021-07-27 03:25:54,-34.5833,150.8552,71.19,44,1,8.99
50,Jamestown,US,2021-07-27 03:22:30,42.097,-79.2353,69.39,77,1,4.23
51,Dikson,RU,2021-07-27 03:25:54,73.5069,80.5464,38.7,99,100,8.95
52,Vao,NC,2021-07-27 03:25:55,-22.6667,167.4833,68.38,60,15,15.37
53,Tasiilaq,GL,2021-07-27 03:25:55,65.6145,-37.6368,35.08,89,27,5.61
54,Tilichiki,RU,2021-07-27 03:25:55,60.4667,166.1,55.31,96,100,3.87
55,Pisco,PE,2021-07-27 03:25:55,-13.7,-76.2167,64.45,82,0,10.36
56,Ostrovnoy,RU,2021-07-27 03:25:56,68.0531,39.5131,46.08,85,100,22.35
57,Ballina,AU,2021-07-27 03:25:56,-28.8667,153.5667,71.78,52,0,12.66
58,Cidreira,BR,2021-07-27 03:25:57,-30.1811,-50.2056,62.35,98,100,8.95
59,Sungaipenuh,ID,2021-07-27 03:25:57,-2.0833,101.3833,78.64,58,23,1.99
60,Bredasdorp,ZA,2021-07-27 03:25:57,-34.5322,20.0403,45.72,81,6,5.75
61,Jabinyanah,TN,2021-07-27 03:25:58,35.035,10.9081,80.4,75,0,9.22
62,Agadir,MA,2021-07-27 03:25:58,30.4202,-9.5982,66.65,84,0,3.22
63,Butaritari,KI,2021-07-27 03:25:59,3.0707,172.7902,82.44,74,41,5.88
64,Severo-Kurilsk,RU,2021-07-27 03:25:59,50.6789,156.125,61.56,87,78,9.8
65,Tuatapere,NZ,2021-07-27 03:25:59,-46.1333,167.6833,52.83,62,14,4.97
66,Bambous Virieux,MU,2021-07-27 03:26:00,-20.3428,57.7575,70.05,83,40,11.5
67,Jaguaribe,BR,2021-07-27 03:26:00,-5.8906,-38.6219,75.65,64,56,4.36
68,Oriximina,BR,2021-07-27 03:26:00,-1.7656,-55.8661,76.71,61,66,3.85
69,Hofn,IS,2021-07-27 03:26:00,64.2539,-15.2082,51.85,91,100,7.02
70,Bandarbeyla,SO,2021-07-27 03:26:01,9.4942,50.8122,78.1,62,25,23.4
71,Airai,TL,2021-07-27 03:26:01,-8.9266,125.4092,76.66,27,72,5.3
72,Upernavik,GL,2021-07-27 03:26:02,72.7868,-56.1549,46.18,90,100,9.42
73,Glazov,RU,2021-07-27 03:26:02,58.1394,52.6584,56.61,96,94,7.99
74,Hermanus,ZA,2021-07-27 03:26:02,-34.4187,19.2345,53.91,65,2,11.01
75,Mangrol,IN,2021-07-27 03:26:03,21.1167,70.1167,82.17,85,100,22.24
76,Boende,CD,2021-07-27 03:26:03,-0.2167,20.8667,73.76,48,82,1.86
77,Bethel,US,2021-07-27 03:24:15,41.3712,-73.414,74.48,85,1,5.75
78,Vila Franca Do Campo,PT,2021-07-27 03:26:03,37.7167,-25.4333,70.21,92,94,4.97
79,Merritt Island,US,2021-07-27 03:24:28,28.5392,-80.672,81.99,85,1,8.05
80,Arraial Do Cabo,BR,2021-07-27 03:26:04,-22.9661,-42.0278,69.94,85,0,25.08
81,Olenegorsk,RU,2021-07-27 03:26:04,68.15,33.3,46.17,87,7,1.12
82,Luderitz,NA,2021-07-27 03:26:04,-26.6481,15.1594,58.91,67,0,6.8
83,Hasaki,JP,2021-07-27 03:26:05,35.7333,140.8333,81.28,74,23,19.95
84,Sernur,RU,2021-07-27 03:26:05,56.9333,49.1536,60.66,72,92,11.01
85,Carutapera,BR,2021-07-27 03:26:05,-1.195,-46.02,74.26,93,22,4.12
86,Margate,GB,2021-07-27 03:26:06,51.3813,1.3862,64.04,94,100,1.99
87,Cacica,RO,2021-07-27 03:26:06,47.6333,25.9,67.82,78,100,5.41
88,Broken Hill,AU,2021-07-27 03:26:06,-31.95,141.4333,67.71,24,7,21.85
89,Vanimo,PG,2021-07-27 03:26:07,-2.6741,141.3028,86.05,65,47,7.58
90,Santa Luzia,BR,2021-07-27 03:26:07,-19.7697,-43.8514,61.7,82,0,0.0
91,Nikolskoye,RU,2021-07-27 03:26:07,59.7035,30.7861,66.79,70,7,3.6
92,Walvis Bay,NA,2021-07-27 03:26:08,-22.9575,14.5053,69.1,26,0,10.36
93,Kodiak,US,2021-07-27 03:26:08,57.79,-152.4072,62.11,55,75,5.75
94,Kruisfontein,ZA,2021-07-27 03:26:09,-34.0033,24.7314,68.88,27,11,19.33
95,Bengkulu,ID,2021-07-27 03:26:09,-3.8004,102.2655,83.82,57,15,1.54
96,Tacuarembo,UY,2021-07-27 03:22:04,-31.7333,-55.9833,44.2,81,0,8.93
97,Castro,BR,2021-07-27 03:26:09,-24.7911,-50.0119,58.21,60,61,5.14
98,Puerto Escondido,MX,2021-07-27 03:26:10,15.85,-97.0667,83.23,69,40,6.91
99,Monticello,US,2021-07-27 03:26:10,45.3055,-93.7941,82.99,79,1,0.0
100,Dourbali,TD,2021-07-27 03:26:10,11.8091,15.8632,76.12,83,100,6.6
101,Derzhavinsk,KZ,2021-07-27 03:26:11,51.1,66.3167,62.94,46,0,6.4
102,Davlekanovo,RU,2021-07-27 03:23:42,54.2215,55.0343,62.62,45,46,8.12
103,San Quintin,MX,2021-07-27 03:26:11,30.4833,-115.95,68.23,82,1,8.97
104,Aswan,EG,2021-07-27 03:26:11,24.0934,32.907,85.86,23,13,10.54
105,Kahului,US,2021-07-27 03:26:06,20.8947,-156.47,83.46,77,40,25.32
106,Sobolevo,RU,2021-07-27 03:26:12,54.4299,31.8996,61.83,78,16,5.23
107,Naze,JP,2021-07-27 03:26:12,28.3667,129.4833,83.32,82,100,12.59
108,Nalut,LY,2021-07-27 03:26:12,30.3333,10.85,77.81,30,0,14.88
109,Zhigansk,RU,2021-07-27 03:26:13,66.7697,123.3711,62.35,53,6,17.65
110,Kavieng,PG,2021-07-27 03:26:13,-2.5744,150.7967,85.12,65,43,4.32
111,College,US,2021-07-27 03:24:42,64.8569,-147.8028,70.41,51,75,9.22
112,Husavik,IS,2021-07-27 03:26:13,66.0449,-17.3389,49.91,81,91,2.39
113,Lata,PT,2021-07-27 03:26:14,40.1629,-8.3327,62.92,97,59,2.73
114,Miri,MY,2021-07-27 03:26:14,4.4148,114.0089,87.94,66,40,5.75
115,Constitucion,CL,2021-07-27 03:26:15,-35.3333,-72.4167,44.74,67,0,12.93
116,Alofi,NU,2021-07-27 03:26:15,-19.0595,-169.9187,80.49,69,40,5.75
117,Northam,GB,2021-07-27 03:26:15,51.0333,-4.2167,63.39,96,100,10.2
118,Kaitangata,NZ,2021-07-27 03:26:16,-46.2817,169.8464,55.92,47,8,8.1
119,Thiruvananthapuram,IN,2021-07-27 03:24:42,8.4833,76.9167,78.78,89,75,6.91
120,Mar Del Plata,AR,2021-07-27 03:26:16,-38.0023,-57.5575,39.22,57,40,10.0
121,Avarua,CK,2021-07-27 03:26:16,-21.2078,-159.775,77.05,78,75,5.75
122,Aklavik,CA,2021-07-27 03:26:17,68.2191,-135.0107,59.83,84,100,3.4
123,Buala,SB,2021-07-27 03:26:17,-8.145,159.5921,79.34,83,97,4.59
124,Nabire,ID,2021-07-27 03:26:17,-3.3667,135.4833,87.35,60,44,4.29
125,Meulaboh,ID,2021-07-27 03:26:18,4.1363,96.1285,83.75,69,65,1.41
126,Vaitape,PF,2021-07-27 03:26:18,-16.5167,-151.75,78.31,76,56,9.78
127,Padang,ID,2021-07-27 03:26:19,-0.9492,100.3543,86.05,68,8,2.68
128,Yarmouth,US,2021-07-27 03:26:19,41.7057,-70.2286,73.99,84,90,1.99
129,Tiksi,RU,2021-07-27 03:26:19,71.6872,128.8694,37.87,89,81,9.64
130,Quelimane,MZ,2021-07-27 03:26:20,-17.8786,36.8883,57.15,100,20,5.75
131,Lasa,IT,2021-07-27 03:23:39,46.6166,10.7002,61.02,96,100,1.52
132,Saldanha,ZA,2021-07-27 03:26:20,-33.0117,17.9442,44.65,91,0,9.95
133,Marsh Harbour,BS,2021-07-27 03:26:21,26.5412,-77.0636,82.98,76,3,10.31
134,Sao Filipe,CV,2021-07-27 03:26:21,14.8961,-24.4956,74.77,86,25,8.84
135,Touros,BR,2021-07-27 03:26:21,-5.1989,-35.4608,72.5,89,5,8.7
136,Hunsur,IN,2021-07-27 03:26:22,12.3075,76.2878,73.02,82,94,12.33
137,Contamana,PE,2021-07-27 03:23:10,-7.3333,-75.0167,75.96,74,11,1.97
138,Harwich,GB,2021-07-27 03:26:22,51.9419,1.2844,64.35,94,100,4.0
139,Arlit,NE,2021-07-27 03:26:23,18.7369,7.3853,90.14,43,92,18.39
140,Sao Felix Do Xingu,BR,2021-07-27 03:26:23,-6.6447,-51.995,71.96,55,39,1.54
141,Ilulissat,GL,2021-07-27 03:26:23,69.2167,-51.1,45.1,90,99,6.89
142,Zabid,YE,2021-07-27 03:26:24,14.1951,43.3152,84.22,77,100,5.46
143,Moron,AR,2021-07-27 03:21:55,-34.6534,-58.6198,47.95,56,53,7.0
144,Hamilton,US,2021-07-27 03:25:52,39.1834,-84.5333,76.98,76,1,0.0
145,Ancud,CL,2021-07-27 03:26:24,-41.8697,-73.8203,42.33,80,26,4.7
146,Calabozo,VE,2021-07-27 03:26:25,8.9242,-67.4293,73.38,89,99,2.73
147,Harper,LR,2021-07-27 03:26:25,4.375,-7.7169,75.34,81,100,8.86
148,Mahibadhoo,MV,2021-07-27 03:26:25,3.7833,72.9667,82.47,73,86,10.87
149,Hambantota,LK,2021-07-27 03:26:26,6.1241,81.1185,84.54,79,100,14.97
150,Marquette,US,2021-07-27 03:26:26,46.5333,-87.6335,68.77,75,35,3.47
151,Asau,RO,2021-07-27 03:26:26,46.4333,26.4,67.95,79,77,4.79
152,Aguimes,ES,2021-07-27 03:26:27,27.9054,-15.4461,68.67,78,40,20.71
153,Srednekolymsk,RU,2021-07-27 03:26:27,67.45,153.6833,56.44,44,96,18.43
154,Waipawa,NZ,2021-07-27 03:26:27,-41.4122,175.5153,50.63,89,100,14.09
155,Aksum,ET,2021-07-27 03:26:28,14.1245,38.7244,57.76,93,97,4.47
156,Chapais,CA,2021-07-27 03:26:28,49.7834,-74.8492,51.58,91,100,6.82
157,Ribeira Grande,PT,2021-07-27 03:26:28,38.5167,-28.7,71.11,88,95,9.08
158,Sinnamary,GF,2021-07-27 03:26:29,5.3833,-52.95,77.41,86,70,5.93
159,Taoudenni,ML,2021-07-27 03:26:29,22.6783,-3.9836,96.55,8,0,4.45
160,Namibe,AO,2021-07-27 03:26:30,-15.1961,12.1522,63.9,80,0,3.76
161,Lorengau,PG,2021-07-27 03:26:30,-2.0226,147.2712,82.92,76,83,3.74
162,Viedma,AR,2021-07-27 03:26:31,-40.8135,-62.9967,42.8,65,99,23.62
163,Gap,FR,2021-07-27 03:26:31,44.6667,6.0,51.84,71,50,2.93
164,Ixtapa,MX,2021-07-27 03:25:41,20.7,-105.2,83.43,70,40,0.0
165,Juneau,US,2021-07-27 03:23:36,58.3019,-134.4197,63.84,81,75,6.91
166,Zhaotong,CN,2021-07-27 03:26:31,27.3167,103.7167,70.2,74,32,4.25
167,Karratha,AU,2021-07-27 03:26:32,-20.7377,116.8463,77.41,56,91,11.21
168,Aksu,CN,2021-07-27 03:26:32,41.1231,80.2644,93.18,16,1,7.63
169,Katsuura,JP,2021-07-27 03:26:32,35.1333,140.3,80.71,89,99,17.87
170,Naples,IT,2021-07-27 03:22:25,40.8333,14.25,83.14,57,47,2.3
171,Olovyannaya,RU,2021-07-27 03:26:33,50.95,115.5667,70.79,63,97,9.22
172,Mamontovo,RU,2021-07-27 03:26:33,52.7055,81.6244,64.78,61,0,6.64
173,Genhe,CN,2021-07-27 03:26:34,50.7833,121.5167,61.63,97,100,3.6
174,Shirokiy,RU,2021-07-27 03:26:34,49.758,129.523,77.5,73,97,4.83
175,Alice Springs,AU,2021-07-27 03:23:26,-23.7,133.8833,80.15,12,64,18.41
176,Vostok,RU,2021-07-27 03:26:34,46.4856,135.8833,87.4,51,99,4.54
177,Laguna,US,2021-07-27 03:26:35,38.421,-121.4238,88.3,39,1,4.0
178,Yulara,AU,2021-07-27 03:26:35,-25.2406,130.9889,82.24,15,8,21.85
179,Yar-Sale,RU,2021-07-27 03:26:35,66.8333,70.8333,54.86,58,68,8.16
180,Cabo San Lucas,MX,2021-07-27 03:24:41,22.8909,-109.9124,89.51,73,1,8.01
181,Ambilobe,MG,2021-07-27 03:26:36,-13.2,49.05,65.66,74,48,3.78
182,Pochutla,MX,2021-07-27 03:26:36,15.7432,-96.4661,81.45,93,100,3.94
183,Broome,US,2021-07-27 03:26:36,42.2506,-75.833,69.66,78,34,2.39
184,Faya,SA,2021-07-27 03:26:37,18.3851,42.4509,64.51,73,81,3.31
185,Ponta Do Sol,PT,2021-07-27 03:26:37,32.6667,-17.1,72.72,70,1,4.83
186,Buta,CD,2021-07-27 03:26:37,2.7858,24.73,69.48,99,100,1.9
187,Dingle,PH,2021-07-27 03:26:38,10.9995,122.6711,88.66,62,45,18.1
188,Nanortalik,GL,2021-07-27 03:26:38,60.1432,-45.2371,45.3,88,67,11.16
189,Oranjemund,NA,2021-07-27 03:26:38,-28.55,16.4333,58.03,60,0,7.31
190,Goya,AR,2021-07-27 03:26:39,-29.14,-59.2626,53.11,59,0,9.66
191,Carnarvon,AU,2021-07-27 03:26:39,-24.8667,113.6333,73.47,58,40,14.97
192,Vila Velha,BR,2021-07-27 03:25:07,-20.3297,-40.2925,67.95,94,0,4.61
193,Eureka,US,2021-07-27 03:24:26,40.8021,-124.1637,56.35,82,100,1.01
194,Namatanai,PG,2021-07-27 03:23:12,-3.6667,152.4333,84.7,67,23,5.46
195,Antalaha,MG,2021-07-27 03:26:40,-14.9003,50.2788,67.5,82,76,9.95
196,Khatanga,RU,2021-07-27 03:26:41,71.9667,102.5,72.72,52,99,18.72
197,Iracoubo,GF,2021-07-27 03:26:41,5.4802,-53.2011,76.93,87,74,6.33
198,Cayenne,GF,2021-07-27 03:26:42,4.9333,-52.3333,82.09,84,90,1.99
199,Bima,ID,2021-07-27 03:26:42,-8.4667,118.7167,91.47,36,46,4.38
200,Lismore,AU,2021-07-27 03:26:42,-28.8135,153.2773,71.69,37,0,6.91
201,Esperance,AU,2021-07-27 03:26:43,-33.8667,121.9,58.84,70,75,37.38
202,Kargasok,RU,2021-07-27 03:26:43,59.0556,80.8572,59.38,58,29,15.5
203,Bongandanga,CD,2021-07-27 03:26:43,1.5,21.05,72.0,83,100,2.04
204,Kalmar,SE,2021-07-27 03:26:44,56.6616,16.3616,68.97,96,40,2.3
205,Roebourne,AU,2021-07-27 03:26:44,-20.7833,117.1333,78.8,50,96,10.78
206,Provideniya,RU,2021-07-27 03:26:45,64.3833,-173.3,50.11,81,90,11.18
207,Aktanysh,RU,2021-07-27 03:26:45,55.7216,54.0829,63.12,56,90,13.53
208,Banepa,NP,2021-07-27 03:26:45,27.6298,85.5214,73.72,88,75,3.44
209,Ericeira,PT,2021-07-27 03:26:46,38.9627,-9.4156,67.3,93,11,15.95
210,Praia Da Vitoria,PT,2021-07-27 03:26:46,38.7333,-27.0667,73.76,94,75,9.98
211,Torbay,CA,2021-07-27 03:26:46,47.6666,-52.7314,56.57,93,1,6.91
212,Lavrentiya,RU,2021-07-27 03:26:46,65.5833,-171.0,44.89,99,100,4.18
213,Mehamn,NO,2021-07-27 03:26:47,71.0357,27.8492,40.95,93,0,2.3
214,Ritchie,ZA,2021-07-27 03:26:47,-29.038,24.6028,40.21,55,0,10.69
215,Komsomolskiy,UZ,2021-07-27 03:26:47,40.4272,71.7189,90.32,23,1,13.8
216,Kachug,RU,2021-07-27 03:26:48,53.9606,105.8817,76.66,45,7,5.37
217,East London,ZA,2021-07-27 03:26:48,-33.0153,27.9116,58.14,35,0,5.75
218,Esil,KZ,2021-07-27 03:26:48,51.9556,66.4042,61.34,49,1,4.54
219,Moroto,UG,2021-07-27 03:26:49,2.5345,34.6666,63.99,67,100,0.67
220,Lebu,CL,2021-07-27 03:26:49,-37.6167,-73.65,45.07,79,55,16.89
221,Mangaratiba,BR,2021-07-27 03:26:50,-22.9597,-44.0406,72.03,55,0,9.55
222,Witney,GB,2021-07-27 03:26:50,51.7836,-1.4854,64.89,90,75,4.61
223,Daru,PG,2021-07-27 03:26:51,-9.0763,143.2092,78.98,80,85,16.17
224,Boli,CN,2021-07-27 03:26:51,45.7667,130.5167,96.91,35,94,2.51
225,Burhar,IN,2021-07-27 03:26:51,23.2167,81.5333,75.76,87,100,11.48
226,Necochea,AR,2021-07-27 03:26:52,-38.5473,-58.7368,37.04,69,95,21.9
227,Preobrazheniye,RU,2021-07-27 03:26:52,42.9019,133.9064,79.99,79,63,6.58
228,Avera,US,2021-07-27 03:26:52,33.194,-82.5271,81.91,70,49,6.38
229,Les Cayes,HT,2021-07-27 03:26:53,18.2,-73.75,79.45,80,100,4.97
230,Muravlenko,RU,2021-07-27 03:26:53,63.7898,74.523,56.82,59,59,13.6
231,Santa Isabel Do Rio Negro,BR,2021-07-27 03:26:53,-0.4139,-65.0192,74.12,89,100,2.55
232,Nampula,MZ,2021-07-27 03:25:22,-15.1165,39.2666,58.95,94,20,10.36
233,Paka,MY,2021-07-27 03:26:54,4.6374,103.4368,80.53,89,40,2.3
234,Omsukchan,RU,2021-07-27 03:26:54,62.5333,155.8,51.76,80,100,5.08
235,Fairview,US,2021-07-27 03:26:54,40.8126,-73.999,80.2,57,1,3.44
236,Paoua,CF,2021-07-27 03:26:55,7.2427,16.4406,68.97,93,100,2.82
237,Salalah,OM,2021-07-27 03:26:55,17.0151,54.0924,78.89,89,75,9.22
238,Trofors,NO,2021-07-27 03:26:55,65.5333,13.4063,65.55,72,20,3.94
239,Zelenets,RU,2021-07-27 03:26:56,61.8849,50.7489,46.65,92,55,7.67
240,Krasnoselkup,RU,2021-07-27 03:26:56,65.7,82.4667,53.15,98,100,10.96
241,Victoria,HK,2021-07-27 03:26:22,22.2855,114.1577,94.96,76,99,11.01
242,Kaihua,CN,2021-07-27 03:26:56,23.3687,104.28,75.85,66,23,3.76
243,Arroyo,ES,2021-07-27 03:26:57,41.6096,-4.7969,67.21,56,0,4.61
244,Kerteminde,DK,2021-07-27 03:26:57,55.449,10.6577,66.96,88,52,7.85
245,Jagdalpur,IN,2021-07-27 03:26:57,19.0667,82.0333,79.05,75,100,15.21
246,Matagami,CA,2021-07-27 03:26:58,49.7502,-77.6328,44.71,100,1,0.0
247,Georgetown,MY,2021-07-27 03:26:58,5.4112,100.3354,86.9,79,40,1.99
248,Semnan,IR,2021-07-27 03:26:59,35.5729,53.3971,85.24,31,0,1.77
249,Zhangye,CN,2021-07-27 03:26:59,38.9342,100.4517,82.13,22,100,5.61
250,Souillac,MU,2021-07-27 03:26:59,-20.5167,57.5167,70.18,83,40,11.5
251,Manggar,ID,2021-07-27 03:27:00,-2.8833,108.2667,83.08,70,92,12.86
252,Tazovskiy,RU,2021-07-27 03:27:00,67.4667,78.7,44.73,98,100,19.15
253,Comodoro Rivadavia,AR,2021-07-27 03:27:01,-45.8667,-67.5,44.46,61,75,12.66
254,Hokitika,NZ,2021-07-27 03:27:01,-42.7167,170.9667,52.48,75,61,14.14
255,Nakambala,ZM,2021-07-27 03:27:02,-15.8324,27.7799,49.01,72,99,6.26
256,Jalu,LY,2021-07-27 03:27:02,29.0331,21.5482,78.48,44,0,6.11
257,Nata,PA,2021-07-27 03:27:02,8.3333,-80.5167,73.47,92,100,1.25
258,Nioro,GM,2021-07-27 03:27:03,13.35,-15.75,76.3,86,37,4.74
259,Novobirilyussy,RU,2021-07-27 03:27:03,56.9514,90.6661,64.13,96,100,6.96
260,Marawi,PH,2021-07-27 03:27:03,7.9986,124.2928,82.72,57,90,8.16
261,The Valley,AI,2021-07-27 03:27:04,18.217,-63.0578,82.26,75,98,18.23
262,Lexington,US,2021-07-27 03:27:02,37.9887,-84.4777,79.92,65,1,10.36
263,Sumbe,AO,2021-07-27 03:27:04,-11.2061,13.8437,69.1,88,86,2.89
264,Shenzhen,CN,2021-07-27 03:23:53,22.5455,114.0683,94.86,83,100,5.93
265,Biltine,TD,2021-07-27 03:27:05,14.5333,20.9167,78.75,70,100,5.59
266,Along,IN,2021-07-27 03:27:05,28.1667,94.7667,76.1,99,100,0.09
267,Mount Gambier,AU,2021-07-27 03:27:05,-37.8333,140.7667,57.11,54,100,19.57
268,Willowmore,ZA,2021-07-27 03:27:06,-33.2926,23.4895,48.0,44,17,5.84
269,Doha,QA,2021-07-27 03:27:06,25.2867,51.5333,94.98,73,13,4.61
270,Norman Wells,CA,2021-07-27 03:27:06,65.282,-126.8329,64.44,55,75,6.91
271,Praya,CV,2021-07-27 03:27:07,14.9215,-23.5087,75.74,83,20,10.36
272,Lamu,KE,2021-07-27 03:27:07,-2.2717,40.902,71.82,80,55,19.17
273,Sandy Bay,AU,2021-07-27 03:27:07,-42.913,147.3532,61.3,56,75,5.01
274,Kimbe,PG,2021-07-27 03:27:08,-5.5502,150.1429,88.16,61,31,6.49
275,Naro Moru,KE,2021-07-27 03:27:09,-0.1676,37.0213,48.22,91,51,7.29
276,Gobabis,NA,2021-07-27 03:27:10,-22.45,18.9667,41.83,59,0,12.68
277,Kiama,AU,2021-07-27 03:27:10,-34.6833,150.8667,71.38,41,2,8.99
278,Caxias,PT,2021-07-27 03:27:11,38.7031,-9.2767,67.44,80,0,1.99
279,Samarai,PG,2021-07-27 03:23:12,-10.6167,150.6667,78.33,88,100,13.98
280,Banda Aceh,ID,2021-07-27 03:27:11,5.5577,95.3222,85.93,68,80,11.99
281,Sola,VU,2021-07-27 03:27:12,-13.8833,167.55,80.53,77,59,16.26
282,Anadyr,RU,2021-07-27 03:27:12,64.75,177.4833,54.1,93,75,11.01
283,Port Blair,IN,2021-07-27 03:27:12,11.6667,92.75,84.31,80,75,20.67
284,Bagdarin,RU,2021-07-27 03:27:13,54.4333,113.6,70.92,44,14,9.8
285,Nizwa,OM,2021-07-27 03:27:13,22.9333,57.5333,90.77,40,26,4.65
286,Port Augusta,AU,2021-07-27 03:27:13,-32.5,137.7667,69.94,27,3,32.73
287,Sanandaj,IR,2021-07-27 03:27:14,35.3144,46.9923,69.82,30,20,2.3
288,Cocobeach,GA,2021-07-27 03:27:14,1.0002,9.5823,76.93,84,97,10.56
289,Montes Altos,BR,2021-07-27 03:27:14,-5.8333,-47.0667,74.35,47,7,3.27
290,Killybegs,IE,2021-07-27 03:27:15,54.6333,-8.45,58.44,94,100,5.82
291,Gastonia,US,2021-07-27 03:27:15,35.2621,-81.1873,73.02,96,1,0.0
292,Lodja,CD,2021-07-27 03:27:15,-3.4833,23.4333,63.48,44,72,2.57
293,Grivenskaya,RU,2021-07-27 03:27:16,45.6473,38.176,76.28,40,100,11.83
294,Megion,RU,2021-07-27 03:27:16,61.0296,76.1136,57.22,63,81,13.47
295,Kaka,TM,2021-07-27 03:27:16,37.3482,59.6143,89.94,24,0,10.31
296,Lethem,GY,2021-07-27 03:27:17,3.3803,-59.7968,74.77,89,69,4.09
297,Ust-Ordynskiy,RU,2021-07-27 03:27:17,52.805,104.7508,78.64,39,7,12.5
298,Kovylkino,RU,2021-07-27 03:27:17,54.0388,43.9139,63.82,71,52,4.76
299,Nizhniy Tsasuchey,RU,2021-07-27 03:27:18,50.5167,115.1333,67.69,66,100,5.41
300,Tautira,PF,2021-07-27 03:27:18,-17.7333,-149.15,80.62,77,22,7.9
301,Virginia Beach,US,2021-07-27 03:24:36,36.8529,-75.978,75.27,84,90,3.44
302,Balakhta,RU,2021-07-27 03:27:18,55.38,91.6,67.19,87,92,8.14
303,Vuktyl,RU,2021-07-27 03:27:19,63.8567,57.3094,46.17,88,96,10.49
304,Bud,US,2021-07-27 03:27:19,39.447,-86.1758,76.98,83,0,6.87
305,Sayyan,YE,2021-07-27 03:27:19,15.1718,44.3244,63.03,66,88,2.51
306,Akdagmadeni,TR,2021-07-27 03:27:20,39.6603,35.8836,56.7,96,22,4.27
307,Axim,GH,2021-07-27 03:27:20,4.8699,-2.2405,76.24,78,100,9.28
308,Charlestown,AU,2021-07-27 03:23:44,-32.95,151.6667,70.11,49,0,5.99
309,Leshan,CN,2021-07-27 03:27:21,29.5623,103.7639,81.01,70,95,3.8
310,Mantua,IT,2021-07-27 03:27:21,45.1667,10.7833,72.64,83,61,1.01
311,San Juan,AR,2021-07-27 03:27:21,-31.5375,-68.5364,48.63,45,0,8.37
312,Bilibino,RU,2021-07-27 03:27:22,68.0546,166.4372,55.94,45,76,16.87
313,Meridian,US,2021-07-27 03:27:22,43.6121,-116.3915,90.09,31,1,4.61
314,Rundu,NA,2021-07-27 03:27:22,-17.9333,19.7667,43.93,54,0,6.42
315,Salinopolis,BR,2021-07-27 03:27:23,-0.6136,-47.3561,77.43,84,8,9.75
316,Wewak,PG,2021-07-27 03:27:23,-3.5534,143.6268,82.13,83,77,6.98
317,Balikpapan,ID,2021-07-27 03:27:24,-1.2675,116.8289,78.78,82,99,8.5
318,Qujing,CN,2021-07-27 03:27:24,25.4833,103.7833,72.84,69,8,1.52
319,Bull Savanna,JM,2021-07-27 03:27:24,17.8868,-77.5902,77.09,84,95,8.43
320,Havelock,US,2021-07-27 03:27:24,34.8791,-76.9013,82.94,90,30,1.99
321,Shanghai,CN,2021-07-27 03:27:10,31.2222,121.4581,78.93,97,75,13.42
322,Katherine,AU,2021-07-27 03:27:25,-14.4667,132.2667,88.12,33,33,4.61
323,Getulio Vargas,UY,2021-07-27 03:27:25,-32.6796,-53.5494,45.03,93,7,8.41
324,Belaya Gora,RU,2021-07-27 03:27:26,68.5333,146.4167,60.53,37,50,10.63
325,Seia,PT,2021-07-27 03:27:26,40.4151,-7.7086,58.66,88,2,1.21
326,Bathsheba,BB,2021-07-27 03:27:26,13.2167,-59.5167,81.21,78,20,12.66
327,Merauke,ID,2021-07-27 03:27:27,-8.4667,140.3333,80.01,75,100,11.3
328,Opuwo,NA,2021-07-27 03:27:27,-18.0607,13.84,53.91,42,0,8.75
329,Mahebourg,MU,2021-07-27 03:27:27,-20.4081,57.7,70.09,83,40,11.5
330,Ayan,RU,2021-07-27 03:27:28,56.45,138.1667,70.83,57,96,6.91
331,Saint Anthony,US,2021-07-27 03:27:28,45.0205,-93.218,82.98,73,1,1.01
332,Male,MV,2021-07-27 03:27:28,4.1748,73.5089,82.35,83,75,16.11
333,Verkhovazhye,RU,2021-07-27 03:27:29,60.7472,42.0465,46.65,88,26,3.74
334,Lerwick,GB,2021-07-27 03:27:29,60.1545,-1.1494,55.4,99,100,9.84
335,Sylva,RU,2021-07-27 03:27:29,58.0348,56.7635,56.57,98,100,7.85
336,Maizuru,JP,2021-07-27 03:27:29,35.45,135.3333,88.95,68,100,12.46
337,Arica,CL,2021-07-27 03:27:08,-18.475,-70.3042,61.03,77,90,6.91
338,Sunnyside,US,2021-07-27 03:26:52,46.3237,-120.0087,91.44,16,100,4.72
339,Berlevag,NO,2021-07-27 03:27:30,70.8578,29.0864,41.0,81,43,4.16
340,Tezu,IN,2021-07-27 03:27:30,27.9167,96.1667,77.97,98,100,0.54
341,Yumen,CN,2021-07-27 03:27:31,40.2833,97.2,84.2,17,70,15.82
342,San Carlos De Bariloche,AR,2021-07-27 03:27:31,-41.1456,-71.3082,35.35,55,0,16.11
343,Saskylakh,RU,2021-07-27 03:27:31,71.9167,114.0833,60.67,58,98,9.08
344,Tarut,SA,2021-07-27 03:27:32,26.5733,50.0369,94.98,56,1,5.7
345,Goderich,CA,2021-07-27 03:27:32,43.7501,-81.7165,67.91,88,30,4.61
346,Cairns,AU,2021-07-27 03:27:32,-16.9167,145.7667,82.94,66,75,9.22
347,Boralday,KZ,2021-07-27 03:27:33,43.3578,76.8594,80.46,41,40,11.18
348,Bridlington,GB,2021-07-27 03:27:33,54.0831,-0.1919,60.28,87,51,3.53
349,Jiexiu,CN,2021-07-27 03:27:33,37.0244,111.9125,88.47,40,36,3.4
350,Coihaique,CL,2021-07-27 03:27:34,-45.5752,-72.0662,37.35,75,0,3.44
351,Nouadhibou,MR,2021-07-27 03:27:34,20.931,-17.0347,69.87,85,5,20.76
352,Paamiut,GL,2021-07-27 03:27:34,61.994,-49.6678,44.74,94,100,11.97
353,Saint-Philippe,RE,2021-07-27 03:27:34,-21.3585,55.7679,65.79,84,83,9.15
354,Calama,CL,2021-07-27 03:27:35,-22.4667,-68.9333,34.29,23,0,13.8
355,Karangasem,ID,2021-07-27 03:27:35,-8.45,115.6167,81.48,62,37,8.43
356,Kresttsy,RU,2021-07-27 03:27:36,58.2452,32.5165,59.88,75,17,3.0
357,Balancan,MX,2021-07-27 03:27:36,17.8,-91.5333,75.69,90,99,3.22
358,Platanos,GR,2021-07-27 03:27:36,37.6667,21.6167,80.71,41,0,4.38
359,Port-Cartier,CA,2021-07-27 03:27:06,50.0334,-66.8654,62.82,99,90,5.41
360,Juba,SS,2021-07-27 03:27:37,4.8517,31.5825,69.06,91,100,2.57
361,Morro Bay,US,2021-07-27 03:27:37,35.3658,-120.8499,76.08,85,100,3.38
362,Paris,FR,2021-07-27 03:25:05,48.8534,2.3488,65.14,91,90,1.01
363,Eirunepe,BR,2021-07-27 03:27:38,-6.6603,-69.8736,77.9,73,94,1.95
364,Khudumelapye,BW,2021-07-27 03:27:38,-23.8833,24.75,40.12,75,0,8.48
365,San Patricio,US,2021-07-27 03:27:38,28.017,-97.5169,83.86,70,3,8.66
366,Matadi,CD,2021-07-27 03:27:38,-5.8167,13.45,74.1,81,100,2.46
367,Semporna,MY,2021-07-27 03:27:39,4.4818,118.6112,89.8,69,27,11.77
368,Faanui,PF,2021-07-27 03:27:39,-16.4833,-151.75,78.37,76,53,9.89
369,Gandorhun,SL,2021-07-27 03:27:39,7.5,-11.8333,73.49,95,100,4.23
370,Omboue,GA,2021-07-27 03:27:40,-1.5746,9.2618,70.75,85,94,4.85
371,Verkhoyansk,RU,2021-07-27 03:27:40,67.5447,133.385,62.78,59,80,16.11
372,Pekan,MY,2021-07-27 03:27:40,3.4836,103.3996,82.51,59,58,6.15
373,Hovd,MN,2021-07-27 03:27:41,48.0056,91.6419,71.6,45,14,3.76
374,Sabang,ID,2021-07-27 03:27:41,5.8933,95.3214,83.82,75,75,18.1
375,Cristobal Obregon,MX,2021-07-27 03:27:41,16.35,-93.5333,78.06,98,99,2.64
376,Baran,IN,2021-07-27 03:27:42,25.1,76.5167,76.24,93,100,17.05
377,Stornoway,GB,2021-07-27 03:27:42,58.2093,-6.3865,57.92,100,90,6.91
378,Chuy,UY,2021-07-27 03:27:42,-33.6971,-53.4616,45.37,85,0,7.83
379,Fort Nelson,CA,2021-07-27 03:27:43,58.8053,-122.7002,71.19,43,75,2.3
380,Muros,ES,2021-07-27 03:27:43,42.7762,-9.0603,63.84,93,6,4.9
381,Saint-Pierre,RE,2021-07-27 03:27:43,-21.3393,55.4781,65.88,78,75,5.75
382,Rawson,AR,2021-07-27 03:23:32,-43.3002,-65.1023,42.24,73,86,32.93
383,Kabanjahe,ID,2021-07-27 03:27:44,3.1001,98.4908,74.16,62,98,2.55
384,Ocean City,US,2021-07-27 03:27:44,39.2776,-74.5746,77.02,83,1,1.01
385,Rio Brilhante,BR,2021-07-27 03:24:24,-21.8019,-54.5464,73.38,41,5,6.06
386,Koindu,GN,2021-07-27 03:27:45,8.4386,-10.3253,70.09,99,100,2.44
387,Troitskoye,RU,2021-07-27 03:27:45,52.9821,84.6757,64.0,57,26,9.04
388,Tahe,CN,2021-07-27 03:27:45,52.3333,124.7333,78.15,54,93,6.78
389,Sarakhs,IR,2021-07-27 03:27:46,36.5449,61.1577,87.94,33,0,4.61
390,Inirida,CO,2021-07-27 03:27:46,3.8653,-67.9239,71.4,97,87,2.19
391,Salekhard,RU,2021-07-27 03:27:46,66.53,66.6019,53.47,78,50,10.25
392,Pinheiro Machado,BR,2021-07-27 03:27:47,-31.5783,-53.3811,43.77,99,96,9.73
393,Gouyave,GD,2021-07-27 03:27:47,12.1646,-61.7296,79.57,89,20,6.91
394,Whitley Bay,GB,2021-07-27 03:27:48,55.0397,-1.4471,58.91,94,51,4.61
395,Mazagao,BR,2021-07-27 03:27:48,-0.115,-51.2894,77.05,84,84,4.05
396,Flin Flon,CA,2021-07-27 03:27:48,54.7682,-101.865,62.87,51,26,2.53
397,Inhambane,MZ,2021-07-27 03:27:49,-23.865,35.3833,63.21,67,2,6.62
398,Teeli,RU,2021-07-27 03:27:49,51.0333,90.2333,72.1,46,19,3.04
399,Petropavlovsk-Kamchatskiy,RU,2021-07-27 03:27:49,53.0452,158.6483,72.19,60,75,6.71
400,Ahipara,NZ,2021-07-27 03:27:50,-35.1667,173.1667,57.9,68,3,16.15
401,Poquoson,US,2021-07-27 03:27:50,37.1224,-76.3458,75.07,94,1,6.91
402,Te Anau,NZ,2021-07-27 03:27:50,-45.4167,167.7167,48.63,70,33,5.68
403,Palmer,US,2021-07-27 03:24:04,42.1584,-72.3287,72.84,83,1,0.0
404,Tabou,CI,2021-07-27 03:27:51,4.423,-7.3528,75.31,81,100,8.61
405,West Wendover,US,2021-07-27 03:27:51,40.7391,-114.0733,83.41,34,1,42.57
406,Mumbwa,ZM,2021-07-27 03:27:51,-14.9783,27.0619,50.41,65,98,7.81
407,San Jeronimo,PE,2021-07-27 03:27:52,-11.9472,-75.2829,47.23,78,30,1.81
408,Kichera,RU,2021-07-27 03:27:52,55.9375,110.0997,79.16,40,2,2.17
409,Piterka,RU,2021-07-27 03:27:53,50.6803,47.4454,66.72,48,0,5.01
410,Sur,OM,2021-07-27 03:27:53,22.5667,59.5289,92.01,51,53,14.45
411,Zyryanka,RU,2021-07-27 03:27:53,65.75,150.85,59.63,42,94,15.57
412,Saint-Francois,FR,2021-07-27 03:27:54,46.4154,3.9054,61.18,95,0,1.14
413,Dawlatabad,AF,2021-07-27 03:27:54,36.4141,64.9053,88.36,25,0,11.45
414,Sandwick,GB,2021-07-27 03:27:54,60.0,-1.25,55.22,94,90,4.61
415,Ariquemes,BR,2021-07-27 03:27:55,-9.9133,-63.0408,78.69,50,73,0.27
416,Natalinsk,RU,2021-07-27 03:27:55,56.4739,57.8698,59.2,66,16,12.08
417,Muisne,EC,2021-07-27 03:27:55,0.6,-80.0333,75.04,86,90,7.02
418,Seymchan,RU,2021-07-27 03:27:56,62.8833,152.4333,62.26,41,97,13.31
419,Liwale,TZ,2021-07-27 03:27:56,-9.7667,37.9333,62.01,56,2,9.04
420,Dalbandin,PK,2021-07-27 03:24:08,28.8947,64.4101,95.79,14,100,6.2
421,Meadow Lake,US,2021-07-27 03:27:56,34.8014,-106.5436,80.11,48,49,6.31
422,Nanjing,CN,2021-07-27 03:27:57,32.0617,118.7778,78.71,97,100,15.64
423,Qiongshan,CN,2021-07-27 03:27:57,20.0058,110.3542,93.18,62,0,11.18
424,Shelburne,CA,2021-07-27 03:27:57,44.0787,-80.2041,67.68,60,0,5.5
425,Xinqing,CN,2021-07-27 03:27:58,48.2333,129.5,79.61,80,99,4.56
426,Byron Bay,AU,2021-07-27 03:27:58,-28.65,153.6167,73.06,43,0,5.61
427,Bullhead City,US,2021-07-27 03:27:03,35.1478,-114.5683,98.02,37,1,4.61
428,Ulaangom,MN,2021-07-27 03:27:59,49.9811,92.0667,75.63,44,7,5.12
429,Codrington,AU,2021-07-27 03:27:59,-38.2667,141.9667,56.77,62,100,23.42
430,Erenhot,CN,2021-07-27 03:27:59,43.6475,111.9767,73.06,46,9,5.84
431,Wollongong,AU,2021-07-27 03:25:14,-34.4333,150.8833,71.08,44,1,8.37
432,Dulovo,BG,2021-07-27 03:28:00,43.8167,27.15,63.21,54,1,5.44
433,Florence,IT,2021-07-27 03:28:00,43.7667,11.25,76.98,76,75,1.14
434,Khiri Mat,TH,2021-07-27 03:28:00,16.8333,99.8,84.11,83,99,6.15
435,Rokytne,UA,2021-07-27 03:28:01,51.2796,27.214,63.36,80,72,7.27
436,Sorong,ID,2021-07-27 03:27:32,-0.8833,131.25,84.85,70,47,8.08
437,High Level,CA,2021-07-27 03:28:01,58.5169,-117.136,64.51,94,75,3.44
438,Sfantu Gheorghe,RO,2021-07-27 03:27:31,45.8667,25.7833,62.92,84,25,2.59
439,Adrar,MR,2021-07-27 03:28:01,20.5022,-10.0711,87.66,27,42,15.84
440,Kavaratti,IN,2021-07-27 03:28:02,10.5669,72.642,81.41,79,100,19.69
441,Manavalakurichi,IN,2021-07-27 03:28:02,8.1333,77.3,78.89,80,100,14.61
442,Matongo,TZ,2021-07-27 03:28:02,-2.3833,34.0833,60.15,54,4,5.99
443,Khorixas,NA,2021-07-27 03:28:03,-20.3667,14.9667,57.16,32,0,12.8
444,Nagorsk,RU,2021-07-27 03:28:03,59.3172,50.8078,52.72,92,42,7.7
445,Jiuquan,CN,2021-07-27 03:28:04,39.7432,98.5174,87.28,13,89,15.97
446,Lingao,CN,2021-07-27 03:28:04,19.9103,109.6859,89.4,66,76,18.5
447,Darlowo,PL,2021-07-27 03:28:04,54.421,16.4107,67.95,90,89,9.53
448,Umm Kaddadah,SD,2021-07-27 03:28:05,13.6017,26.6876,76.14,67,67,6.04
449,Saint Paul,US,2021-07-27 03:25:01,44.9444,-93.0933,83.61,73,1,1.01
450,Abu Zabad,SD,2021-07-27 03:28:05,12.35,29.25,71.8,87,100,9.51
451,Irun,ES,2021-07-27 03:28:06,43.339,-1.7894,61.65,88,0,3.44
452,Fortuna,US,2021-07-27 03:28:06,40.5982,-124.1573,56.08,92,90,1.01
453,Dudinka,RU,2021-07-27 03:28:06,69.4058,86.1778,77.56,54,89,13.2
454,Gazli,UZ,2021-07-27 03:28:07,40.1333,63.45,86.25,19,0,26.96
455,Vila,PT,2021-07-27 03:28:07,42.0304,-8.1588,53.33,92,22,2.37
456,Grants Pass,US,2021-07-27 03:28:07,42.439,-123.3284,90.91,31,1,10.36
457,Chaihe,CN,2021-07-27 03:28:08,44.7667,129.7,90.63,46,100,4.0
458,Veraval,IN,2021-07-27 03:28:08,20.9,70.3667,81.9,85,100,22.06
459,Narsaq,GL,2021-07-27 03:28:08,60.9167,-46.05,49.68,81,82,6.49
460,Talara,PE,2021-07-27 03:28:09,-4.5772,-81.2719,68.4,86,74,16.08
461,Minab,IR,2021-07-27 03:28:09,27.1467,57.0801,90.9,46,75,2.84
462,East Wenatchee Bench,US,2021-07-27 03:28:09,47.4257,-120.2812,92.39,23,1,4.0
463,Moundsville,US,2021-07-27 03:28:10,39.9203,-80.7431,72.55,82,0,3.8
464,Denpasar,ID,2021-07-27 03:28:10,-8.65,115.2167,82.06,78,20,10.36
465,Price,US,2021-07-27 03:28:10,39.5994,-110.8107,76.41,56,1,5.75
466,Garissa,KE,2021-07-27 03:28:10,-0.4536,39.6401,71.47,65,73,16.64
467,Zlobin,HR,2021-07-27 03:28:11,45.2924,14.6541,68.16,80,20,5.75
468,Santa Maria Del Oro,MX,2021-07-27 03:28:11,25.9333,-105.3667,75.79,29,14,7.43
469,Gat,IL,2021-07-27 03:24:02,31.61,34.7642,77.4,86,0,3.78
470,Niamey,NE,2021-07-27 03:25:16,13.5137,2.1098,73.69,100,20,12.66
471,Mana,GF,2021-07-27 03:28:12,5.6592,-53.7767,76.93,87,94,6.26
472,Khartoum,SD,2021-07-27 03:27:41,15.5518,32.5324,78.03,80,49,1.99
473,Kosovska Mitrovica,XK,2021-07-27 03:28:12,42.8833,20.8667,70.61,73,11,1.3
474,Cherskiy,RU,2021-07-27 03:28:12,68.75,161.3,52.25,50,11,23.2
475,Armizonskoye,RU,2021-07-27 03:28:13,55.9461,67.6736,59.2,58,91,8.55
476,Wajima,JP,2021-07-27 03:28:13,37.4,136.9,84.88,65,75,5.75
477,Nemuro,JP,2021-07-27 03:28:14,43.3236,145.575,70.23,99,100,10.65
478,Sault Sainte Marie,CA,2021-07-27 03:25:46,46.5168,-84.3333,70.36,82,40,0.0
479,Lakes Entrance,AU,2021-07-27 03:28:14,-37.8811,147.981,67.17,42,4,8.34
480,Bamako,ML,2021-07-27 03:28:14,12.65,-8.0,79.21,89,20,4.61
481,Cabinda,AO,2021-07-27 03:28:15,-5.55,12.2,72.93,85,100,2.91
482,Isangel,VU,2021-07-27 03:28:15,-19.55,169.2667,80.71,57,75,9.22
483,Qinhuangdao,CN,2021-07-27 03:23:54,39.9317,119.5883,83.12,72,81,5.5
484,Brodokalmak,RU,2021-07-27 03:28:16,55.5748,62.082,61.7,63,29,11.14
485,Dalton,US,2021-07-27 03:28:16,34.7698,-84.9702,78.49,93,1,0.0
486,Idah,NG,2021-07-27 03:28:16,7.1065,6.7342,68.52,92,100,3.06
487,Henties Bay,NA,2021-07-27 03:28:17,-22.116,14.2845,68.86,39,0,9.64
488,Mozarlandia,BR,2021-07-27 03:28:17,-14.7447,-50.5706,71.92,44,0,2.62
489,Felanitx,ES,2021-07-27 03:28:17,39.4696,3.1483,72.95,74,0,5.77
490,Alvarado,MX,2021-07-27 03:28:18,18.7667,-95.7667,80.89,79,6,5.84
491,Narrabri,AU,2021-07-27 03:28:18,-30.3167,149.7833,66.52,39,10,12.66
492,Maceio,BR,2021-07-27 03:28:18,-9.6658,-35.7353,71.04,100,75,1.14
493,Bochnia,PL,2021-07-27 03:28:19,49.9691,20.4303,68.72,89,9,3.44
494,Irbeyskoye,RU,2021-07-27 03:28:19,55.6428,95.4522,66.36,96,89,6.38
495,Mayo,US,2021-07-27 03:28:19,38.8876,-76.5119,79.56,89,35,4.7
496,Raudeberg,NO,2021-07-27 03:28:20,61.9875,5.1352,66.96,89,100,11.36
497,Kandalaksha,RU,2021-07-27 03:28:20,67.162,32.4123,46.13,74,0,2.98
498,Ahuimanu,US,2021-07-27 03:28:20,21.4447,-157.8378,85.71,67,40,13.8
499,Tirlyanskiy,RU,2021-07-27 03:28:20,54.2109,58.5806,57.85,54,8,5.1
500,Duluth,US,2021-07-27 03:23:23,46.7833,-92.1066,66.78,95,75,6.91
501,Alugan,PH,2021-07-27 03:28:21,12.2188,125.4808,90.88,56,91,10.76
502,Perth,AU,2021-07-27 03:25:33,-31.9333,115.8333,61.05,74,75,19.57
503,Huarmey,PE,2021-07-27 03:28:21,-10.0681,-78.1522,65.26,87,47,9.04
504,Bubaque,GW,2021-07-27 03:28:22,11.2833,-15.8333,79.59,84,91,10.96
505,Diffa,NE,2021-07-27 03:28:22,13.3154,12.6113,75.04,88,76,9.73
506,Bulle,CH,2021-07-27 03:28:23,46.6195,7.0567,60.78,89,38,3.27
507,Dakar,SN,2021-07-27 03:28:23,14.6937,-17.4441,80.73,78,75,6.91
508,Los Llanos De Aridane,ES,2021-07-27 03:28:23,28.6585,-17.9182,69.55,96,75,13.8
509,Kyren,RU,2021-07-27 03:28:23,51.6828,102.1408,76.15,57,70,1.12
510,Requena,ES,2021-07-27 03:28:24,39.4883,-1.1004,62.13,88,1,1.16
511,Marrakesh,MA,2021-07-27 03:28:24,31.6315,-8.0083,69.87,73,0,5.75
512,Toumodi,CI,2021-07-27 03:28:25,6.5613,-5.0158,75.7,94,95,3.89
513,Tual,ID,2021-07-27 03:28:25,-5.6667,132.75,81.52,77,50,17.0
514,Canaway,PH,2021-07-27 03:28:25,13.3185,123.7131,85.6,71,100,13.31
515,Olinda,BR,2021-07-27 03:28:26,-8.0089,-34.8553,69.53,88,75,4.61
516,Deputatskiy,RU,2021-07-27 03:28:26,69.3,139.9,50.59,57,94,5.64
517,Nara,JP,2021-07-27 03:28:26,34.6851,135.8049,88.97,53,100,8.39
518,Baghdad,IQ,2021-07-27 03:28:27,33.3406,44.4009,87.71,30,0,9.22
519,Sitka,US,2021-07-27 03:28:27,57.0531,-135.33,64.29,63,40,0.0
520,Mitsamiouli,KM,2021-07-27 03:28:27,-11.3847,43.2844,75.34,67,10,6.8
521,Acari,PE,2021-07-27 03:28:27,-15.4311,-74.6158,63.03,81,35,4.72
522,Ensenada,MX,2021-07-27 03:24:48,31.8667,-116.6167,68.95,87,15,4.27
523,Parauna,BR,2021-07-27 03:28:28,-16.9478,-50.4486,66.97,40,2,2.3
524,Sucre,BO,2021-07-27 03:26:28,-19.0333,-65.2627,55.69,50,35,4.7
525,Tarakan,ID,2021-07-27 03:28:28,3.3,117.6333,83.7,74,20,4.61
526,Viransehir,TR,2021-07-27 03:28:29,37.2353,39.7631,85.41,25,0,6.71
527,Maba,CN,2021-07-27 03:28:29,24.6841,113.5984,94.32,52,92,2.46
528,San Ramon,US,2021-07-27 03:25:26,37.7799,-121.978,76.24,63,1,1.01
529,Kawalu,ID,2021-07-27 03:28:29,-7.3817,108.2082,83.34,54,23,4.54
530,Shimoda,JP,2021-07-27 03:28:30,34.6667,138.95,82.51,87,100,5.95
531,Yarada,IN,2021-07-27 03:28:30,17.65,83.2667,86.32,79,90,12.66
532,Bourail,NC,2021-07-27 03:28:31,-21.5667,165.4833,75.16,45,5,8.16
533,Port Hedland,AU,2021-07-27 03:28:31,-20.3167,118.5667,80.65,47,89,13.8
534,Biograd Na Moru,HR,2021-07-27 03:28:31,43.9433,15.4519,80.76,51,38,3.09
535,Buraydah,SA,2021-07-27 03:28:31,26.326,43.975,91.85,18,100,10.85
536,Khandyga,RU,2021-07-27 03:28:32,62.6667,135.6,78.51,40,69,6.44
537,Beloha,MG,2021-07-27 03:28:32,-25.1667,45.05,60.89,71,57,14.36
538,Auki,SB,2021-07-27 03:28:33,-8.7676,160.7034,84.15,67,100,1.88
539,Camacha,PT,2021-07-27 03:28:33,33.0833,-16.3333,69.22,78,40,12.66
540,Khash,IR,2021-07-27 03:28:33,28.2211,61.2158,83.84,15,78,6.73
541,Itarema,BR,2021-07-27 03:28:34,-2.9248,-39.9167,78.01,80,10,14.32
542,Celestun,MX,2021-07-27 03:28:34,20.8667,-90.4,80.4,81,1,5.17
543,Shepsi,RU,2021-07-27 03:28:34,44.0361,39.1489,73.27,78,100,6.89
544,Tura,IN,2021-07-27 03:28:35,25.5198,90.2201,80.87,89,100,5.01
545,Riverton,US,2021-07-27 03:27:05,40.5219,-111.9391,89.08,43,1,5.99
546,Sipovo,BA,2021-07-27 03:28:35,44.2814,17.0839,76.44,46,100,4.74
547,Gayny,RU,2021-07-27 03:28:36,60.3071,54.3241,47.21,90,88,9.01
548,Saint-Leu,RE,2021-07-27 03:28:36,-21.15,55.2833,65.26,74,4,13.04
549,Bayir,TR,2021-07-27 03:28:36,37.2687,28.2167,72.12,53,0,5.61
550,High Rock,BS,2021-07-27 03:28:37,26.6208,-78.2833,82.42,74,0,11.61
551,Ekangala,ZA,2021-07-27 03:28:37,-25.6962,28.7492,41.31,69,0,2.82
552,Talnakh,RU,2021-07-27 03:28:37,69.4865,88.3972,81.36,47,99,13.6
553,Karaidel,RU,2021-07-27 03:28:38,55.8337,56.9069,57.78,66,82,8.61
554,Kaduqli,SD,2021-07-27 03:28:38,11.0167,29.7167,69.55,97,96,3.13
555,Bereda,ES,2021-07-27 03:28:39,43.2686,-7.5406,59.92,99,27,1.3
556,Kiruna,SE,2021-07-27 03:28:39,67.8557,20.2251,52.72,94,100,2.3
557,Tefe,BR,2021-07-27 03:28:39,-3.3542,-64.7114,75.74,79,52,3.62
558,Huron,US,2021-07-27 03:28:40,41.1501,-82.5499,74.71,90,0,4.7
559,Tateyama,JP,2021-07-27 03:28:40,34.9833,139.8667,80.62,86,100,17.38
560,Les Trois-Bassins,RE,2021-07-27 03:28:40,-21.1,55.3,57.13,75,6,9.69
561,Kirensk,RU,2021-07-27 03:28:41,57.7853,108.1119,83.57,37,5,1.43
